payment_type,FarePerMile
2,14.71028589
1,11.33845543
0,7.654438067
5,6.127324785
4,-16.7364741
3,-37.13104193
