weekday,avg_distance
1,97.99708687455923
2,84.15741114874756
3,72.1152817684039
4,76.55266703393063
5,79.47194421595192
6,88.70146331419166
7,96.72941078376923
